﻿{"name":"tema","dataColors":["#C9CBD1","#A7B1BF","#8999B7","#67718C","#444861","#B389B7","#ED9676","#89B4B7"],"bad":"#E8807B","neutral":"#FFDA75","good":"#84A97D","minimum":"#C2491D","center":"#C9CBD1","maximum":"#3D959C","textClasses":{"label":{"fontFace":"wf_standard-font, helvetica, arial, sans-serif","color":"#444861"},"header":{"fontFace":"wf_standard-font, helvetica, arial, sans-serif","color":"#444861"},"callout":{"color":"#444861"},"title":{"color":"#444861"}},"foreground":"#444861","foregroundNeutralSecondary":"#67718C","backgroundLight":"#F7F8FA","foregroundNeutralTertiary":"#8999B7","backgroundNeutral":"#8999B7","visualStyles":{"page":{"*":{"background":[{"color":{"solid":{"color":"#F7F8FA"}},"transparency":0}],"outspace":[{"color":{"solid":{"color":"#E9EAED"}}}]}}}}